-- =============================================
-- Tiferet - Seed Data
-- =============================================

-- Admin user (password: 123456)
INSERT INTO users (id, username, email, password_hash, display_name, role) VALUES
('00000000-0000-0000-0000-000000000001', 'admin', 'admin@tiferet.co.il', crypt('123456', gen_salt('bf')), 'השליח', 'admin');

-- Community Members (20 members)
INSERT INTO members (id, first_name, last_name, hebrew_name, father_hebrew_name, email, phone, address, city, birth_date, hebrew_birth_date, spouse_name, children_count, membership_type, join_date, notes) VALUES
('b0000000-0000-0000-0000-000000000001', 'אברהם', 'כהן', 'אברהם', 'יצחק', 'avraham@email.com', '050-1111111', 'הרצל 10', 'תל אביב', '1975-03-15', 'ט"ו אדר', 'שרה כהן', 3, 'premium', '2020-01-15', 'גבאי בית הכנסת'),
('b0000000-0000-0000-0000-000000000002', 'יצחק', 'לוי', 'יצחק', 'אברהם', 'yitzhak@email.com', '052-2222222', 'ויצמן 5', 'רמת גן', '1980-07-20', 'כ׳ תמוז', 'רבקה לוי', 4, 'regular', '2021-06-01', ''),
('b0000000-0000-0000-0000-000000000003', 'יעקב', 'ישראלי', 'יעקב', 'משה', 'yaakov@email.com', '054-3333333', 'בן גוריון 22', 'הרצליה', '1968-11-05', 'ה׳ חשוון', 'לאה ישראלי', 5, 'premium', '2019-09-10', 'תורם קבוע'),
('b0000000-0000-0000-0000-000000000004', 'משה', 'פרידמן', 'משה', 'דוד', 'moshe.f@email.com', '058-4444444', 'סוקולוב 8', 'נתניה', '1990-01-25', 'כ"ה טבת', 'צפורה פרידמן', 2, 'regular', '2022-03-15', 'בעל תשובה'),
('b0000000-0000-0000-0000-000000000005', 'דוד', 'גולדשטיין', 'דוד', 'שלמה', 'david.g@email.com', '050-5555555', 'רוטשילד 30', 'תל אביב', '1955-05-10', 'י׳ אייר', 'חנה גולדשטיין', 6, 'honorary', '2015-01-01', 'מייסד בית חב"ד'),
('b0000000-0000-0000-0000-000000000006', 'שלמה', 'ברגר', 'שלמה', 'חיים', 'shlomo@email.com', '052-6666666', 'אלנבי 45', 'תל אביב', '1985-09-12', 'י"ב אלול', 'מרים ברגר', 3, 'regular', '2023-01-20', ''),
('b0000000-0000-0000-0000-000000000007', 'חיים', 'רוזנברג', 'חיים', 'אליהו', 'chaim@email.com', '054-7777777', 'ז׳בוטינסקי 15', 'בני ברק', '1972-12-01', 'א׳ טבת', 'דבורה רוזנברג', 7, 'premium', '2018-05-10', 'משפיע'),
('b0000000-0000-0000-0000-000000000008', 'אליהו', 'שפירא', 'אליהו', 'נחמן', 'eliyahu@email.com', '050-8888888', 'הנשיא 3', 'ירושלים', '1960-04-28', 'כ"ח ניסן', '', 0, 'senior', '2017-11-01', 'לומד דף יומי'),
('b0000000-0000-0000-0000-000000000009', 'נחמן', 'קליין', 'נחמן', 'מנחם', 'nachman@email.com', '058-9999999', 'דיזנגוף 100', 'תל אביב', '1995-06-18', 'י"ח סיוון', 'רחל קליין', 1, 'youth', '2024-01-01', 'זוג צעיר'),
('b0000000-0000-0000-0000-000000000010', 'מנחם', 'הלוי', 'מנחם מענדל', 'יוסף', 'menachem@email.com', '050-1010101', 'שינקין 7', 'תל אביב', '1988-02-14', 'י"ד שבט', 'שושנה הלוי', 4, 'regular', '2020-08-15', '');

-- Deceased members (for Yahrzeit)
INSERT INTO members (id, first_name, last_name, hebrew_name, father_hebrew_name, phone, city, birth_date, death_date, hebrew_death_date, is_deceased, notes) VALUES
('b0000000-0000-0000-0000-000000000011', 'שמעון', 'כהן', 'שמעון', 'אברהם', '', 'תל אביב', '1940-01-01', '2022-04-25', 'כ"ה ניסן', true, 'אביו של אברהם כהן'),
('b0000000-0000-0000-0000-000000000012', 'רחל', 'לוי', 'רחל', 'יהודה', '', 'רמת גן', '1945-06-15', '2023-09-10', 'י׳ אלול', true, 'אמו של יצחק לוי'),
('b0000000-0000-0000-0000-000000000013', 'בנימין', 'ישראלי', 'בנימין', 'יעקב', '', 'הרצליה', '1935-03-20', '2021-12-01', 'א׳ טבת', true, 'אביו של יעקב ישראלי');

-- Donors
INSERT INTO donors (id, member_id, first_name, last_name, email, phone, company, donor_type, donor_level, total_donated, donation_count, notes) VALUES
('c0000000-0000-0000-0000-000000000001', 'b0000000-0000-0000-0000-000000000005', 'דוד', 'גולדשטיין', 'david.g@email.com', '050-5555555', '', 'individual', 'diamond', 250000, 48, 'תורם מייסד'),
('c0000000-0000-0000-0000-000000000002', 'b0000000-0000-0000-0000-000000000003', 'יעקב', 'ישראלי', 'yaakov@email.com', '054-3333333', 'ישראלי השקעות', 'individual', 'gold', 85000, 24, 'תורם קבוע חודשי'),
('c0000000-0000-0000-0000-000000000003', 'b0000000-0000-0000-0000-000000000001', 'אברהם', 'כהן', 'avraham@email.com', '050-1111111', '', 'individual', 'silver', 35000, 15, ''),
('c0000000-0000-0000-0000-000000000004', 'b0000000-0000-0000-0000-000000000007', 'חיים', 'רוזנברג', 'chaim@email.com', '054-7777777', 'רוזנברג יבוא', 'individual', 'gold', 60000, 20, ''),
('c0000000-0000-0000-0000-000000000005', NULL, 'רונית', 'אשכנזי', 'ronit@email.com', '052-1212121', 'קרן אשכנזי', 'foundation', 'platinum', 150000, 10, 'קרן משפחתית'),
('c0000000-0000-0000-0000-000000000006', 'b0000000-0000-0000-0000-000000000002', 'יצחק', 'לוי', 'yitzhak@email.com', '052-2222222', '', 'individual', 'regular', 12000, 8, ''),
('c0000000-0000-0000-0000-000000000007', NULL, 'תורם', 'אנונימי', '', '', '', 'anonymous', 'gold', 50000, 5, 'תורם אנונימי קבוע'),
('c0000000-0000-0000-0000-000000000008', 'b0000000-0000-0000-0000-000000000006', 'שלמה', 'ברגר', 'shlomo@email.com', '052-6666666', '', 'individual', 'regular', 8000, 6, '');

-- Donations (30 donations across the year)
INSERT INTO donations (donor_id, amount, donation_date, payment_method, campaign, purpose, dedication, status) VALUES
('c0000000-0000-0000-0000-000000000001', 10000, '2026-01-10', 'bank_transfer', 'תקציב שוטף', 'תרומה חודשית', '', 'completed'),
('c0000000-0000-0000-0000-000000000001', 10000, '2026-02-10', 'bank_transfer', 'תקציב שוטף', 'תרומה חודשית', '', 'completed'),
('c0000000-0000-0000-0000-000000000001', 10000, '2026-03-10', 'bank_transfer', 'תקציב שוטף', 'תרומה חודשית', '', 'completed'),
('c0000000-0000-0000-0000-000000000001', 10000, '2026-04-10', 'bank_transfer', 'תקציב שוטף', 'תרומה חודשית', '', 'completed'),
('c0000000-0000-0000-0000-000000000002', 5000, '2026-01-15', 'credit_card', 'תקציב שוטף', 'תרומה חודשית', '', 'completed'),
('c0000000-0000-0000-0000-000000000002', 5000, '2026-02-15', 'credit_card', 'תקציב שוטף', 'תרומה חודשית', '', 'completed'),
('c0000000-0000-0000-0000-000000000002', 5000, '2026-03-15', 'credit_card', 'תקציב שוטף', 'תרומה חודשית', '', 'completed'),
('c0000000-0000-0000-0000-000000000002', 5000, '2026-04-15', 'credit_card', 'תקציב שוטף', 'תרומה חודשית', '', 'completed'),
('c0000000-0000-0000-0000-000000000003', 2000, '2026-01-20', 'bit', '', 'תרומה כללית', '', 'completed'),
('c0000000-0000-0000-0000-000000000003', 3000, '2026-03-20', 'check', 'פסח', 'קמחא דפסחא', '', 'completed'),
('c0000000-0000-0000-0000-000000000004', 3000, '2026-01-05', 'bank_transfer', 'תקציב שוטף', 'תרומה חודשית', '', 'completed'),
('c0000000-0000-0000-0000-000000000004', 3000, '2026-02-05', 'bank_transfer', 'תקציב שוטף', 'תרומה חודשית', '', 'completed'),
('c0000000-0000-0000-0000-000000000004', 3000, '2026-03-05', 'bank_transfer', 'תקציב שוטף', 'תרומה חודשית', '', 'completed'),
('c0000000-0000-0000-0000-000000000004', 3000, '2026-04-05', 'bank_transfer', 'תקציב שוטף', 'תרומה חודשית', '', 'completed'),
('c0000000-0000-0000-0000-000000000005', 50000, '2026-01-01', 'bank_transfer', 'בניין חדש', 'בניית אולם', 'לע"נ הוריה', 'completed'),
('c0000000-0000-0000-0000-000000000005', 25000, '2026-03-01', 'bank_transfer', 'פסח', 'סדר פסח ציבורי', '', 'completed'),
('c0000000-0000-0000-0000-000000000006', 1000, '2026-02-01', 'bit', '', 'תרומה כללית', '', 'completed'),
('c0000000-0000-0000-0000-000000000006', 1500, '2026-04-01', 'credit_card', 'פסח', 'קמחא דפסחא', '', 'completed'),
('c0000000-0000-0000-0000-000000000007', 10000, '2026-01-20', 'cash', '', 'תרומה כללית', '', 'completed'),
('c0000000-0000-0000-0000-000000000007', 15000, '2026-03-25', 'cash', 'פסח', 'סדר פסח', '', 'completed'),
('c0000000-0000-0000-0000-000000000008', 1000, '2026-01-10', 'bit', '', '', '', 'completed'),
('c0000000-0000-0000-0000-000000000008', 1500, '2026-04-10', 'credit_card', '', '', '', 'completed'),
('c0000000-0000-0000-0000-000000000001', 25000, '2026-03-20', 'bank_transfer', 'פסח', 'סדר פסח ציבורי', 'לזכות משפחת גולדשטיין', 'completed'),
('c0000000-0000-0000-0000-000000000003', 5000, '2026-04-20', 'check', '', 'תרומה כללית', '', 'pending'),
('c0000000-0000-0000-0000-000000000002', 10000, '2026-04-25', 'bank_transfer', 'ל"ג בעומר', 'אירוע ל"ג בעומר', '', 'pending');

-- Campaigns
INSERT INTO campaigns (name, description, goal_amount, raised_amount, start_date, end_date, status) VALUES
('תקציב שוטף 2026', 'תקציב שנתי לפעילות בית חב"ד', 500000, 285000, '2026-01-01', '2026-12-31', 'active'),
('בניין חדש', 'בניית אולם חדש לבית חב"ד', 1000000, 350000, '2025-06-01', '2027-06-01', 'active'),
('קמחא דפסחא', 'סיוע למשפחות נזקקות לפסח', 50000, 42000, '2026-03-01', '2026-04-15', 'completed'),
('ל"ג בעומר', 'אירוע ל"ג בעומר לילדים ומשפחות', 15000, 10000, '2026-04-01', '2026-05-15', 'active');

-- Events
INSERT INTO events (title, description, event_type, event_date, start_time, end_time, location, max_participants, registered_count, status) VALUES
('שיעור תניא שבועי', 'שיעור בתניא כל יום שלישי', 'shiur', '2026-04-29', '20:00', '21:00', 'בית חב"ד - אולם ראשי', 50, 18, 'upcoming'),
('סעודת שבת - פרשת אמור', 'סעודת שבת קהילתית', 'shabbat', '2026-05-02', '19:30', '22:00', 'בית חב"ד - אולם ראשי', 100, 45, 'upcoming'),
('קייטנת ל"ג בעומר', 'פעילות ל"ג בעומר לילדים', 'kids', '2026-05-15', '10:00', '14:00', 'פארק העירוני', 80, 32, 'upcoming'),
('ערב נשים - חודש אייר', 'ערב מיוחד לנשים עם הרצאה', 'women', '2026-05-08', '20:00', '22:00', 'בית חב"ד - חדר VIP', 40, 15, 'upcoming'),
('שיעור דף יומי', 'שיעור דף יומי כל בוקר', 'shiur', '2026-04-28', '06:30', '07:30', 'בית חב"ד - בית מדרש', 30, 12, 'upcoming'),
('מסיבת חומש', 'מסיבת חומש לילדי גן', 'kids', '2026-05-20', '17:00', '19:00', 'בית חב"ד', 60, 25, 'upcoming'),
('סדר פסח ציבורי', 'סדר פסח ציבורי לקהילה', 'holiday', '2026-04-02', '19:00', '23:00', 'בית חב"ד - אולם ראשי', 150, 120, 'completed'),
('שיעור גמרא', 'שיעור שבועי במסכת ברכות', 'shiur', '2026-04-30', '19:30', '20:30', 'בית חב"ד - בית מדרש', 25, 10, 'upcoming');

-- Reminders (birthdays, yahrzeits)
INSERT INTO reminders (member_id, reminder_type, title, description, reminder_date, hebrew_date, is_recurring) VALUES
('b0000000-0000-0000-0000-000000000001', 'birthday', 'יום הולדת - אברהם כהן', 'ט"ו אדר - יום הולדת אברהם כהן', '2026-03-15', 'ט"ו אדר', true),
('b0000000-0000-0000-0000-000000000002', 'birthday', 'יום הולדת - יצחק לוי', 'כ׳ תמוז - יום הולדת יצחק לוי', '2026-07-20', 'כ׳ תמוז', true),
('b0000000-0000-0000-0000-000000000003', 'birthday', 'יום הולדת - יעקב ישראלי', 'ה׳ חשוון - יום הולדת יעקב ישראלי', '2026-11-05', 'ה׳ חשוון', true),
('b0000000-0000-0000-0000-000000000004', 'birthday', 'יום הולדת - משה פרידמן', 'כ"ה טבת - יום הולדת משה פרידמן', '2027-01-25', 'כ"ה טבת', true),
('b0000000-0000-0000-0000-000000000005', 'birthday', 'יום הולדת - דוד גולדשטיין', 'י׳ אייר - יום הולדת דוד גולדשטיין', '2026-05-10', 'י׳ אייר', true),
('b0000000-0000-0000-0000-000000000011', 'yahrzeit', 'יארצייט - שמעון כהן ז"ל', 'כ"ה ניסן - יארצייט שמעון בן אברהם', '2026-04-25', 'כ"ה ניסן', true),
('b0000000-0000-0000-0000-000000000012', 'yahrzeit', 'יארצייט - רחל לוי ז"ל', 'י׳ אלול - יארצייט רחל בת יהודה', '2026-09-10', 'י׳ אלול', true),
('b0000000-0000-0000-0000-000000000013', 'yahrzeit', 'יארצייט - בנימין ישראלי ז"ל', 'א׳ טבת - יארצייט בנימין בן יעקב', '2026-12-01', 'א׳ טבת', true),
('b0000000-0000-0000-0000-000000000006', 'birthday', 'יום הולדת - שלמה ברגר', 'י"ב אלול - יום הולדת שלמה ברגר', '2026-09-12', 'י"ב אלול', true),
('b0000000-0000-0000-0000-000000000010', 'birthday', 'יום הולדת - מנחם הלוי', 'י"ד שבט - יום הולדת מנחם מענדל הלוי', '2027-02-14', 'י"ד שבט', true),
(NULL, 'custom', 'יום הילולת הרבי זי"ע', 'ג׳ תמוז - יום ההילולא של הרבי מליובאוויטש', '2026-06-29', 'ג׳ תמוז', true),
(NULL, 'custom', 'י"א ניסן - יום הולדת הרבי', 'יום הולדת כ"ק אדמו"ר', '2026-04-09', 'י"א ניסן', true);

-- Expenses
INSERT INTO expenses (category, description, amount, expense_date, payment_method) VALUES
('שכירות', 'שכירות חודשית - אפריל', 8000, '2026-04-01', 'bank_transfer'),
('חשמל ומים', 'חשבון חשמל + מים', 1200, '2026-04-05', 'bank_transfer'),
('מזון', 'קניות לסעודת שבת', 2500, '2026-04-03', 'credit_card'),
('מזון', 'קניות לסדר פסח ציבורי', 8000, '2026-03-30', 'credit_card'),
('הדפסות', 'הדפסת פליירים ומודעות', 800, '2026-04-10', 'credit_card'),
('תחזוקה', 'תיקון מזגן', 1500, '2026-04-15', 'cash'),
('שכירות', 'שכירות חודשית - מרץ', 8000, '2026-03-01', 'bank_transfer'),
('מזון', 'קניות לסעודות שבת - מרץ', 6000, '2026-03-15', 'credit_card'),
('חינוך', 'ספרים ועזרי לימוד', 2000, '2026-03-20', 'credit_card'),
('אירועים', 'ציוד לקייטנת פורים', 3500, '2026-03-10', 'credit_card');

-- Settings
INSERT INTO site_settings (key, value) VALUES
('site_name', 'תפארת - ניהול בית חב"ד'),
('chabad_house_name', 'בית חב"ד תל אביב'),
('shliach_name', 'הרב משה ישראלי'),
('address', 'רחוב הרצל 50, תל אביב'),
('phone', '03-1234567'),
('email', 'info@chabad-tlv.co.il');
